3383638829,Rue de fertilizer,56833,Zhuyu,"Rue de sympathetically",46716,Străşeni,1.2,Fantham,Tallia,,,
6301805021,Rue de cheery,69511,Novovladykino,"Rue de bemused",1705,Duncan Town,1.2,Joul,Melosa,,,
3046013301,Rue de links,96812,Charleston,Rue de eccentricities,69686,Baranoa,0.8,,,Cesare Dullingham,Hirthe Inc,12484864288666
8779508172,Rue de surrounding's,95281,Psará,,,,0.8,,,Damien Burner,"Huels, Runte and Runte",3969781104980
5272140465,Rue de dusty,5677,Langzhong,,,,1.2,Timeby,Theresina,,,
2046820705,Rue de copyrighted,16304,Skaryszew,,,,1.2,Buie,Emory,,,
6945039141,Rue de tablespoonfuls,43279,Sindon,,,,0.8,,,Wilhelmina Cordel,Ernser-Ebert,87010865232009
7145191089,Rue de reappears,32586,Calvário,Rue de improvisation's,18937,Guxi,1.2,Bridywater,Mart,,,
1321381495,Rue de limestone,24989,Czerniewice,,,,1.2,Peregrine,Immanuel,,,
7231440590,Rue de pantomiming,94170,Penco,Rue de scars,61940,Zmiennica,1.2,Jerzycowski,Alla,,,
3788877688,Rue de pneumonia's,62924,Nyanza,,,,0.8,,,Masha Devlin,Jacobs Group,77608261161204
7861064477,Rue de spontaneity's,26350,Nueva Loja,,,,1.2,Rieflin,Charissa,,,
2387551168,Rue de plugs,47635,Lomba do Loução,Rue de seventeen,1593,Palumbungan,1.2,Arlott,Pryce,,,
9615756008,Rue de prefabbing,4657,Sousse,,,,1.2,Ogle,Sherlock,,,
9894046674,Rue de rationality,54649,Karangbadar Kidul,Rue de warts,23803,Pandean,0.8,,,Joellyn Cornish,Breitenberg-Walter,18625987999907
4739160047,Rue de transcription's,48640,Liutangting,Rue de overworks,27981,Tanuma,0.8,,,Teador Tabourin,Collier Group,21328030405605
8346762030,Rue de remuneration's,30003,Det Udom,Rue de sissies,62137,Berck,0.8,,,Christophe Camings,"Bartell, Schmidt and Koepp",5406504839882
2383904311,Rue de male's,44665,Dalheim,,,,1.2,Revan,Thomasin,,,
1741214684,Rue de obsession's,84285,Xiangcunxiang,Rue de supplements,20144,Bhiria,1.2,Albro,Timoteo,,,
1261687150,Rue de scores,70359,Tangguhang,Rue de unjustifiable,52816,Xiaocheng,1.2,Benasik,Braden,,,
3268322181,Rue de wavered,45960,Lykóvrysi,,,,0.8,,,Josie Sulter,Heller LLC,92211964276772
4578025887,Rue de quintet,31582,Al Khamīs,Rue de okra's,37793,Guniushan,1.2,Bigley,Flint,,,
5033501720,Rue de falsehoods,24478,Nancang,Rue de commerce's,46333,Leiden,1.2,Houldin,Ginnie,,,
9159498442,Rue de sportsmanship's,55578,El Paso,Rue de ordeal's,65918,‘Abbāsābād,1.2,Wilflinger,Giffie,,,
3816945487,Rue de glower's,31156,São Bento,Rue de witticisms,279,New York City,1.2,Kingsland,Regen,,,
8175663046,Rue de sleep,68218,Gaomiaoji,,,,1.2,Jeanesson,Candida,,,
3464476824,Rue de jot's,74399,Krasnomayskiy,Rue de wadding,79927,Ajdabiya,1.2,Geldard,Link,,,
1612591695,Rue de drowsier,2593,Al Ḩāḑir,Rue de strove,70703,Guohe,1.2,Whyke,Beatriz,,,
6665316514,Rue de vulnerability's,25128,Val-d'Or,Rue de catch,93523,Kabūdarāhang,0.8,,,Madonna Haily,Weber-Schneider,68593616197732
5286186946,Rue de rusts,86025,Cibiru,Rue de honked,88553,Honghe,1.2,Sheerin,Olin,,,
2717366879,Rue de chastisement's,7335,Kyaikkami,Rue de underestimated,61784,Waepau,1.2,Saltrese,Vale,,,
3803340363,Rue de windfall,59944,Severka,,,,1.2,Melsome,Hollie,,,
4497529840,Rue de transatlantic,8431,Beijiang,Rue de discoloration's,19617,Norfolk,1.2,Fewell,Ed,,,
6696416782,Rue de legion,9302,Lanyi,Rue de consorting,8870,Wang Hin,0.8,,,Hortense Damp,"Williamson, Shields and Schimmel",81615855946782
5704802833,Rue de modernization's,80024,Aimadamodo,Rue de teammate's,57406,Malasiqui,0.8,,,Tanitansy Whitnall,Pfannerstill-Conn,71158818691433
5077306256,Rue de blackmailer,19929,Hujiaying,Rue de denunciation's,7621,Benjamín Aceval,1.2,Cuerdale,Carmelia,,,
1371696160,Rue de antiseptic's,59689,Shūsh,Rue de speared,39027,Länsi-Turunmaa,0.8,,,Nikola Benner,"Walter, Roberts and Rohan",93022491360306
8805865761,Rue de possibility's,33535,Pindi Gheb,Rue de spotlight's,80742,Vigo,0.8,,,Chloris Whisson,O'Connell LLC,35272114608625
3826746876,Rue de handkerchief's,10682,Partizan,Rue de weep's,40437,Shimoda,0.8,,,Josiah O'Cahey,"Zulauf, Jenkins and Schinner",1688881708022
2113294611,Rue de carnage's,6846,Tomsk,,,,1.2,Landrick,Ernesta,,,
5056141023,Rue de orthogonality,87649,Irkutsk,Rue de reporter's,26504,Särkisalo,0.8,,,Felicity McGiven,West-Christiansen,40861304036608
7112795167,Rue de coupling,14881,Nālchiti,,,,1.2,Krinks,Gray,,,
1357960362,Rue de tunic,47945,Guishan,Rue de conciliation's,23452,Smoky Lake,1.2,Blasi,Milicent,,,
7505819147,Rue de demised,96117,Jaworzynka,Rue de millimeter's,77042,Djambala,1.2,Gerriessen,Lay,,,
1731856109,Rue de indicative's,88550,Zhongdong,Rue de guillotined,20958,Koski Tl,1.2,Minichillo,Serge,,,
5569455679,Rue de convalescence's,61618,Luopu,Rue de executor's,46670,Châteauroux,1.2,Rodenborch,Xena,,,
3676171256,Rue de average,74385,Isoka,,,,0.8,,,Dorris Ferro,Durgan LLC,49720405858557
5876936527,Rue de incorporation's,80534,Yanjiao,,,,1.2,Gabits,Bili,,,
1125484281,Rue de sterilization's,58961,Mandala,Rue de fleeted,9755,San Juan,1.2,Toovey,Zaccaria,,,
5919180500,Rue de circumstantial,25401,Mateus Leme,Rue de farewells,68887,Danao,0.8,,,Dacie Wilkenson,Turner-Miller,69988282465773
7335790185,Rue de veering,71669,Ngundaan,,,,1.2,Ransbury,Deb,,,
7828403785,Rue de tablespoonful,87624,Dadeldhurā,,,,1.2,Hazle,Cherilynn,,,
2242218839,Rue de leads,69262,Luoyang,,,,0.8,,,Fitz Wetherburn,Weissnat Group,81572501709887
4377518455,Rue de drumstick,98338,Kosong,Rue de unrest's,20370,Rio das Ostras,1.2,Gonnin,Leigha,,,
7413800047,Rue de unsuspecting,41779,Yuanling,Rue de paltriest,98817,Jiapeng,1.2,Rosenblum,Elden,,,
1044259957,Rue de names,89711,Luleå,Rue de adopting,89190,Yopal,0.8,,,Mada Etchell,"Jakubowski, Bogisich and Wisoky",63112762705892
4521832761,Rue de password's,63491,Shajing,Rue de strengths,64464,Mao’ershan,0.8,,,Dorotea Cauthra,Gibson-Bergnaum,92949404893628
8451775974,Rue de pigging,66918,Tadmur,Rue de disappearance's,12878,Malandag,0.8,,,Berty Bruggen,"Altenwerth, Emard and Hagenes",90509663270032
4472238978,Rue de locomotion's,18290,Pasongsongan,Rue de organization's,49776,Bago City,1.2,Renish,Yehudit,,,
6914735751,Rue de contradiction's,31972,Hengxi,Rue de glimpsing,41505,Changtian,1.2,Jandourek,Miguela,,,
