gibson01_back.jpg,guitare
gibson01.jpg,guitare
gibson01_zoom.jpg,guitare
lespaul01_back.jpg,guitare
lespaul01.jpg,guitare
lespaul01_zoom.jpeg,guitare
lespaul01_zoom.jpg,guitare
strat01_back.jpg,guitare
strat01_zoom.jpg,guitare
strat_black.jpg,guitare
telecaster01_back.jpg,guitare
telecaster01.jpg,guitare
telecaster01_zoom.jpg,guitare
u10_saxo.jpg,saxo
u2_bat_pearl.jpg,batterie
u3_bat_pearl.jpg,batterie
u4_bat_pearl.jpg,batterie
u7_flute.jpg,flute
u9_saxo.jpg,saxo
clavier2-front.jpg,clavier
clavier2-up.jpg,clavier
clavier2-zoom.jpg,clavier
clavier-front.jpg,clavier
clavier-up.jpg,clavier
clavier-zoom.jpg,clavier
violon-back.jpg,violon
violon-front.jpg,violon
kai_back.jpg,batterie
kai_front.jpg,batterie
kai_zoom.jpg,batterie
mille_back.jpg,flute
mille_front.jpg,flute
mille_zoom.jpg,flute
